"Benchmark","Mode","Threads","Samples","Score","Score Error (99.9%)","Unit","Param: size"
"com.baeldung.bitset.VectorOfBitsBenchmark.setBitSet","thrpt",4,40,51896464.026542,75862.136758,"ops/s",100
"com.baeldung.bitset.VectorOfBitsBenchmark.setBitSet:L1-dcache-load-misses","thrpt",4,2,0.455765,NaN,"#/op",100
"com.baeldung.bitset.VectorOfBitsBenchmark.setBitSet:L1-dcache-loads","thrpt",4,2,12.076844,NaN,"#/op",100
"com.baeldung.bitset.VectorOfBitsBenchmark.setBitSet:L1-dcache-stores","thrpt",4,2,2.058151,NaN,"#/op",100
"com.baeldung.bitset.VectorOfBitsBenchmark.setBitSet:L1-icache-load-misses","thrpt",4,2,0.007209,NaN,"#/op",100
"com.baeldung.bitset.VectorOfBitsBenchmark.setBitSet:branch-misses","thrpt",4,2,0.001604,NaN,"#/op",100
"com.baeldung.bitset.VectorOfBitsBenchmark.setBitSet:branches","thrpt",4,2,9.997170,NaN,"#/op",100
"com.baeldung.bitset.VectorOfBitsBenchmark.setBitSet:dTLB-load-misses","thrpt",4,2,0.000671,NaN,"#/op",100
"com.baeldung.bitset.VectorOfBitsBenchmark.setBitSet:dTLB-loads","thrpt",4,2,12.155867,NaN,"#/op",100
"com.baeldung.bitset.VectorOfBitsBenchmark.setBitSet:dTLB-store-misses","thrpt",4,2,0.000133,NaN,"#/op",100
"com.baeldung.bitset.VectorOfBitsBenchmark.setBitSet:dTLB-stores","thrpt",4,2,2.044563,NaN,"#/op",100
"com.baeldung.bitset.VectorOfBitsBenchmark.setBitSet:iTLB-load-misses","thrpt",4,2,0.000883,NaN,"#/op",100
"com.baeldung.bitset.VectorOfBitsBenchmark.setBitSet:iTLB-loads","thrpt",4,2,0.001497,NaN,"#/op",100
"com.baeldung.bitset.VectorOfBitsBenchmark.setBitSet:instructions","thrpt",4,2,63.823169,NaN,"#/op",100
"com.baeldung.bitset.VectorOfBitsBenchmark.setBitSet","thrpt",4,40,70106741.257282,5675561.652157,"ops/s",1000
"com.baeldung.bitset.VectorOfBitsBenchmark.setBitSet:L1-dcache-load-misses","thrpt",4,2,0.701408,NaN,"#/op",1000
"com.baeldung.bitset.VectorOfBitsBenchmark.setBitSet:L1-dcache-loads","thrpt",4,2,13.051907,NaN,"#/op",1000
"com.baeldung.bitset.VectorOfBitsBenchmark.setBitSet:L1-dcache-stores","thrpt",4,2,2.038773,NaN,"#/op",1000
"com.baeldung.bitset.VectorOfBitsBenchmark.setBitSet:L1-icache-load-misses","thrpt",4,2,0.005106,NaN,"#/op",1000
"com.baeldung.bitset.VectorOfBitsBenchmark.setBitSet:branch-misses","thrpt",4,2,0.001640,NaN,"#/op",1000
"com.baeldung.bitset.VectorOfBitsBenchmark.setBitSet:branches","thrpt",4,2,9.981827,NaN,"#/op",1000
"com.baeldung.bitset.VectorOfBitsBenchmark.setBitSet:dTLB-load-misses","thrpt",4,2,0.000487,NaN,"#/op",1000
"com.baeldung.bitset.VectorOfBitsBenchmark.setBitSet:dTLB-loads","thrpt",4,2,13.108384,NaN,"#/op",1000
"com.baeldung.bitset.VectorOfBitsBenchmark.setBitSet:dTLB-store-misses","thrpt",4,2,0.000085,NaN,"#/op",1000
"com.baeldung.bitset.VectorOfBitsBenchmark.setBitSet:dTLB-stores","thrpt",4,2,2.035609,NaN,"#/op",1000
"com.baeldung.bitset.VectorOfBitsBenchmark.setBitSet:iTLB-load-misses","thrpt",4,2,0.000635,NaN,"#/op",1000
"com.baeldung.bitset.VectorOfBitsBenchmark.setBitSet:iTLB-loads","thrpt",4,2,0.001048,NaN,"#/op",1000
"com.baeldung.bitset.VectorOfBitsBenchmark.setBitSet:instructions","thrpt",4,2,66.690961,NaN,"#/op",1000
"com.baeldung.bitset.VectorOfBitsBenchmark.setBitSet","thrpt",4,40,95463073.139209,1113608.612106,"ops/s",5000
"com.baeldung.bitset.VectorOfBitsBenchmark.setBitSet:L1-dcache-load-misses","thrpt",4,2,1.081256,NaN,"#/op",5000
"com.baeldung.bitset.VectorOfBitsBenchmark.setBitSet:L1-dcache-loads","thrpt",4,2,13.019534,NaN,"#/op",5000
"com.baeldung.bitset.VectorOfBitsBenchmark.setBitSet:L1-dcache-stores","thrpt",4,2,2.030687,NaN,"#/op",5000
"com.baeldung.bitset.VectorOfBitsBenchmark.setBitSet:L1-icache-load-misses","thrpt",4,2,0.003994,NaN,"#/op",5000
"com.baeldung.bitset.VectorOfBitsBenchmark.setBitSet:branch-misses","thrpt",4,2,0.000999,NaN,"#/op",5000
"com.baeldung.bitset.VectorOfBitsBenchmark.setBitSet:branches","thrpt",4,2,10.961847,NaN,"#/op",5000
"com.baeldung.bitset.VectorOfBitsBenchmark.setBitSet:dTLB-load-misses","thrpt",4,2,0.000316,NaN,"#/op",5000
"com.baeldung.bitset.VectorOfBitsBenchmark.setBitSet:dTLB-loads","thrpt",4,2,13.096411,NaN,"#/op",5000
"com.baeldung.bitset.VectorOfBitsBenchmark.setBitSet:dTLB-store-misses","thrpt",4,2,0.000053,NaN,"#/op",5000
"com.baeldung.bitset.VectorOfBitsBenchmark.setBitSet:dTLB-stores","thrpt",4,2,2.025559,NaN,"#/op",5000
"com.baeldung.bitset.VectorOfBitsBenchmark.setBitSet:iTLB-load-misses","thrpt",4,2,0.000408,NaN,"#/op",5000
"com.baeldung.bitset.VectorOfBitsBenchmark.setBitSet:iTLB-loads","thrpt",4,2,0.000741,NaN,"#/op",5000
"com.baeldung.bitset.VectorOfBitsBenchmark.setBitSet:instructions","thrpt",4,2,67.633459,NaN,"#/op",5000
"com.baeldung.bitset.VectorOfBitsBenchmark.setBitSet","thrpt",4,40,118050031.787664,869821.142403,"ops/s",50000
"com.baeldung.bitset.VectorOfBitsBenchmark.setBitSet:L1-dcache-load-misses","thrpt",4,2,1.354826,NaN,"#/op",50000
"com.baeldung.bitset.VectorOfBitsBenchmark.setBitSet:L1-dcache-loads","thrpt",4,2,11.035931,NaN,"#/op",50000
"com.baeldung.bitset.VectorOfBitsBenchmark.setBitSet:L1-dcache-stores","thrpt",4,2,2.028466,NaN,"#/op",50000
"com.baeldung.bitset.VectorOfBitsBenchmark.setBitSet:L1-icache-load-misses","thrpt",4,2,0.003085,NaN,"#/op",50000
"com.baeldung.bitset.VectorOfBitsBenchmark.setBitSet:branch-misses","thrpt",4,2,0.000714,NaN,"#/op",50000
"com.baeldung.bitset.VectorOfBitsBenchmark.setBitSet:branches","thrpt",4,2,10.968244,NaN,"#/op",50000
"com.baeldung.bitset.VectorOfBitsBenchmark.setBitSet:dTLB-load-misses","thrpt",4,2,0.000300,NaN,"#/op",50000
"com.baeldung.bitset.VectorOfBitsBenchmark.setBitSet:dTLB-loads","thrpt",4,2,11.094508,NaN,"#/op",50000
"com.baeldung.bitset.VectorOfBitsBenchmark.setBitSet:dTLB-store-misses","thrpt",4,2,0.000058,NaN,"#/op",50000
"com.baeldung.bitset.VectorOfBitsBenchmark.setBitSet:dTLB-stores","thrpt",4,2,2.027209,NaN,"#/op",50000
"com.baeldung.bitset.VectorOfBitsBenchmark.setBitSet:iTLB-load-misses","thrpt",4,2,0.000403,NaN,"#/op",50000
"com.baeldung.bitset.VectorOfBitsBenchmark.setBitSet:iTLB-loads","thrpt",4,2,0.000643,NaN,"#/op",50000
"com.baeldung.bitset.VectorOfBitsBenchmark.setBitSet:instructions","thrpt",4,2,66.685716,NaN,"#/op",50000
"com.baeldung.bitset.VectorOfBitsBenchmark.setBitSet","thrpt",4,40,126298073.981831,369299.481879,"ops/s",100000
"com.baeldung.bitset.VectorOfBitsBenchmark.setBitSet:L1-dcache-load-misses","thrpt",4,2,1.310261,NaN,"#/op",100000
"com.baeldung.bitset.VectorOfBitsBenchmark.setBitSet:L1-dcache-loads","thrpt",4,2,13.051825,NaN,"#/op",100000
"com.baeldung.bitset.VectorOfBitsBenchmark.setBitSet:L1-dcache-stores","thrpt",4,2,2.033383,NaN,"#/op",100000
"com.baeldung.bitset.VectorOfBitsBenchmark.setBitSet:L1-icache-load-misses","thrpt",4,2,0.003348,NaN,"#/op",100000
"com.baeldung.bitset.VectorOfBitsBenchmark.setBitSet:branch-misses","thrpt",4,2,0.000801,NaN,"#/op",100000
"com.baeldung.bitset.VectorOfBitsBenchmark.setBitSet:branches","thrpt",4,2,9.997344,NaN,"#/op",100000
"com.baeldung.bitset.VectorOfBitsBenchmark.setBitSet:dTLB-load-misses","thrpt",4,2,0.000286,NaN,"#/op",100000
"com.baeldung.bitset.VectorOfBitsBenchmark.setBitSet:dTLB-loads","thrpt",4,2,13.113142,NaN,"#/op",100000
"com.baeldung.bitset.VectorOfBitsBenchmark.setBitSet:dTLB-store-misses","thrpt",4,2,0.000045,NaN,"#/op",100000
"com.baeldung.bitset.VectorOfBitsBenchmark.setBitSet:dTLB-stores","thrpt",4,2,2.022306,NaN,"#/op",100000
"com.baeldung.bitset.VectorOfBitsBenchmark.setBitSet:iTLB-load-misses","thrpt",4,2,0.000356,NaN,"#/op",100000
"com.baeldung.bitset.VectorOfBitsBenchmark.setBitSet:iTLB-loads","thrpt",4,2,0.000579,NaN,"#/op",100000
"com.baeldung.bitset.VectorOfBitsBenchmark.setBitSet:instructions","thrpt",4,2,65.864528,NaN,"#/op",100000
"com.baeldung.bitset.VectorOfBitsBenchmark.setBitSet","thrpt",4,40,130991668.121281,644042.215866,"ops/s",1000000
"com.baeldung.bitset.VectorOfBitsBenchmark.setBitSet:L1-dcache-load-misses","thrpt",4,2,1.331196,NaN,"#/op",1000000
"com.baeldung.bitset.VectorOfBitsBenchmark.setBitSet:L1-dcache-loads","thrpt",4,2,12.047450,NaN,"#/op",1000000
"com.baeldung.bitset.VectorOfBitsBenchmark.setBitSet:L1-dcache-stores","thrpt",4,2,2.028621,NaN,"#/op",1000000
"com.baeldung.bitset.VectorOfBitsBenchmark.setBitSet:L1-icache-load-misses","thrpt",4,2,0.003152,NaN,"#/op",1000000
"com.baeldung.bitset.VectorOfBitsBenchmark.setBitSet:branch-misses","thrpt",4,2,0.001000,NaN,"#/op",1000000
"com.baeldung.bitset.VectorOfBitsBenchmark.setBitSet:branches","thrpt",4,2,10.485817,NaN,"#/op",1000000
"com.baeldung.bitset.VectorOfBitsBenchmark.setBitSet:dTLB-load-misses","thrpt",4,2,0.000319,NaN,"#/op",1000000
"com.baeldung.bitset.VectorOfBitsBenchmark.setBitSet:dTLB-loads","thrpt",4,2,12.101103,NaN,"#/op",1000000
"com.baeldung.bitset.VectorOfBitsBenchmark.setBitSet:dTLB-store-misses","thrpt",4,2,0.000064,NaN,"#/op",1000000
"com.baeldung.bitset.VectorOfBitsBenchmark.setBitSet:dTLB-stores","thrpt",4,2,2.024312,NaN,"#/op",1000000
"com.baeldung.bitset.VectorOfBitsBenchmark.setBitSet:iTLB-load-misses","thrpt",4,2,0.000369,NaN,"#/op",1000000
"com.baeldung.bitset.VectorOfBitsBenchmark.setBitSet:iTLB-loads","thrpt",4,2,0.000587,NaN,"#/op",1000000
"com.baeldung.bitset.VectorOfBitsBenchmark.setBitSet:instructions","thrpt",4,2,66.301371,NaN,"#/op",1000000
"com.baeldung.bitset.VectorOfBitsBenchmark.setBitSet","thrpt",4,40,128165315.820896,496869.372046,"ops/s",2000000
"com.baeldung.bitset.VectorOfBitsBenchmark.setBitSet:L1-dcache-load-misses","thrpt",4,2,1.377167,NaN,"#/op",2000000
"com.baeldung.bitset.VectorOfBitsBenchmark.setBitSet:L1-dcache-loads","thrpt",4,2,13.042081,NaN,"#/op",2000000
"com.baeldung.bitset.VectorOfBitsBenchmark.setBitSet:L1-dcache-stores","thrpt",4,2,2.031912,NaN,"#/op",2000000
"com.baeldung.bitset.VectorOfBitsBenchmark.setBitSet:L1-icache-load-misses","thrpt",4,2,0.003844,NaN,"#/op",2000000
"com.baeldung.bitset.VectorOfBitsBenchmark.setBitSet:branch-misses","thrpt",4,2,0.001726,NaN,"#/op",2000000
"com.baeldung.bitset.VectorOfBitsBenchmark.setBitSet:branches","thrpt",4,2,9.984710,NaN,"#/op",2000000
"com.baeldung.bitset.VectorOfBitsBenchmark.setBitSet:dTLB-load-misses","thrpt",4,2,0.000382,NaN,"#/op",2000000
"com.baeldung.bitset.VectorOfBitsBenchmark.setBitSet:dTLB-loads","thrpt",4,2,13.099182,NaN,"#/op",2000000
"com.baeldung.bitset.VectorOfBitsBenchmark.setBitSet:dTLB-store-misses","thrpt",4,2,0.000066,NaN,"#/op",2000000
"com.baeldung.bitset.VectorOfBitsBenchmark.setBitSet:dTLB-stores","thrpt",4,2,2.020885,NaN,"#/op",2000000
"com.baeldung.bitset.VectorOfBitsBenchmark.setBitSet:iTLB-load-misses","thrpt",4,2,0.000347,NaN,"#/op",2000000
"com.baeldung.bitset.VectorOfBitsBenchmark.setBitSet:iTLB-loads","thrpt",4,2,0.000563,NaN,"#/op",2000000
"com.baeldung.bitset.VectorOfBitsBenchmark.setBitSet:instructions","thrpt",4,2,65.795765,NaN,"#/op",2000000
"com.baeldung.bitset.VectorOfBitsBenchmark.setBitSet","thrpt",4,40,125195342.161850,1957938.686648,"ops/s",3000000
"com.baeldung.bitset.VectorOfBitsBenchmark.setBitSet:L1-dcache-load-misses","thrpt",4,2,1.384964,NaN,"#/op",3000000
"com.baeldung.bitset.VectorOfBitsBenchmark.setBitSet:L1-dcache-loads","thrpt",4,2,12.054831,NaN,"#/op",3000000
"com.baeldung.bitset.VectorOfBitsBenchmark.setBitSet:L1-dcache-stores","thrpt",4,2,2.031343,NaN,"#/op",3000000
"com.baeldung.bitset.VectorOfBitsBenchmark.setBitSet:L1-icache-load-misses","thrpt",4,2,0.003650,NaN,"#/op",3000000
"com.baeldung.bitset.VectorOfBitsBenchmark.setBitSet:branch-misses","thrpt",4,2,0.002185,NaN,"#/op",3000000
"com.baeldung.bitset.VectorOfBitsBenchmark.setBitSet:branches","thrpt",4,2,10.499255,NaN,"#/op",3000000
"com.baeldung.bitset.VectorOfBitsBenchmark.setBitSet:dTLB-load-misses","thrpt",4,2,0.000428,NaN,"#/op",3000000
"com.baeldung.bitset.VectorOfBitsBenchmark.setBitSet:dTLB-loads","thrpt",4,2,12.112498,NaN,"#/op",3000000
"com.baeldung.bitset.VectorOfBitsBenchmark.setBitSet:dTLB-store-misses","thrpt",4,2,0.000084,NaN,"#/op",3000000
"com.baeldung.bitset.VectorOfBitsBenchmark.setBitSet:dTLB-stores","thrpt",4,2,2.027300,NaN,"#/op",3000000
"com.baeldung.bitset.VectorOfBitsBenchmark.setBitSet:iTLB-load-misses","thrpt",4,2,0.000379,NaN,"#/op",3000000
"com.baeldung.bitset.VectorOfBitsBenchmark.setBitSet:iTLB-loads","thrpt",4,2,0.000600,NaN,"#/op",3000000
"com.baeldung.bitset.VectorOfBitsBenchmark.setBitSet:instructions","thrpt",4,2,66.403520,NaN,"#/op",3000000
"com.baeldung.bitset.VectorOfBitsBenchmark.setBitSet","thrpt",4,40,133354250.565847,1255106.085613,"ops/s",5000000
"com.baeldung.bitset.VectorOfBitsBenchmark.setBitSet:L1-dcache-load-misses","thrpt",4,2,1.320524,NaN,"#/op",5000000
"com.baeldung.bitset.VectorOfBitsBenchmark.setBitSet:L1-dcache-loads","thrpt",4,2,12.048234,NaN,"#/op",5000000
"com.baeldung.bitset.VectorOfBitsBenchmark.setBitSet:L1-dcache-stores","thrpt",4,2,2.028165,NaN,"#/op",5000000
"com.baeldung.bitset.VectorOfBitsBenchmark.setBitSet:L1-icache-load-misses","thrpt",4,2,0.003275,NaN,"#/op",5000000
"com.baeldung.bitset.VectorOfBitsBenchmark.setBitSet:branch-misses","thrpt",4,2,0.002304,NaN,"#/op",5000000
"com.baeldung.bitset.VectorOfBitsBenchmark.setBitSet:branches","thrpt",4,2,10.488182,NaN,"#/op",5000000
"com.baeldung.bitset.VectorOfBitsBenchmark.setBitSet:dTLB-load-misses","thrpt",4,2,0.000489,NaN,"#/op",5000000
"com.baeldung.bitset.VectorOfBitsBenchmark.setBitSet:dTLB-loads","thrpt",4,2,12.094041,NaN,"#/op",5000000
"com.baeldung.bitset.VectorOfBitsBenchmark.setBitSet:dTLB-store-misses","thrpt",4,2,0.000097,NaN,"#/op",5000000
"com.baeldung.bitset.VectorOfBitsBenchmark.setBitSet:dTLB-stores","thrpt",4,2,2.023713,NaN,"#/op",5000000
"com.baeldung.bitset.VectorOfBitsBenchmark.setBitSet:iTLB-load-misses","thrpt",4,2,0.000585,NaN,"#/op",5000000
"com.baeldung.bitset.VectorOfBitsBenchmark.setBitSet:iTLB-loads","thrpt",4,2,0.000521,NaN,"#/op",5000000
"com.baeldung.bitset.VectorOfBitsBenchmark.setBitSet:instructions","thrpt",4,2,66.335488,NaN,"#/op",5000000
"com.baeldung.bitset.VectorOfBitsBenchmark.setBitSet","thrpt",4,40,137232624.452804,636350.199734,"ops/s",7000000
"com.baeldung.bitset.VectorOfBitsBenchmark.setBitSet:L1-dcache-load-misses","thrpt",4,2,1.246943,NaN,"#/op",7000000
"com.baeldung.bitset.VectorOfBitsBenchmark.setBitSet:L1-dcache-loads","thrpt",4,2,13.025392,NaN,"#/op",7000000
"com.baeldung.bitset.VectorOfBitsBenchmark.setBitSet:L1-dcache-stores","thrpt",4,2,2.028421,NaN,"#/op",7000000
"com.baeldung.bitset.VectorOfBitsBenchmark.setBitSet:L1-icache-load-misses","thrpt",4,2,0.003476,NaN,"#/op",7000000
"com.baeldung.bitset.VectorOfBitsBenchmark.setBitSet:branch-misses","thrpt",4,2,0.003316,NaN,"#/op",7000000
"com.baeldung.bitset.VectorOfBitsBenchmark.setBitSet:branches","thrpt",4,2,9.976549,NaN,"#/op",7000000
"com.baeldung.bitset.VectorOfBitsBenchmark.setBitSet:dTLB-load-misses","thrpt",4,2,0.000551,NaN,"#/op",7000000
"com.baeldung.bitset.VectorOfBitsBenchmark.setBitSet:dTLB-loads","thrpt",4,2,13.085655,NaN,"#/op",7000000
"com.baeldung.bitset.VectorOfBitsBenchmark.setBitSet:dTLB-store-misses","thrpt",4,2,0.000081,NaN,"#/op",7000000
"com.baeldung.bitset.VectorOfBitsBenchmark.setBitSet:dTLB-stores","thrpt",4,2,2.022321,NaN,"#/op",7000000
"com.baeldung.bitset.VectorOfBitsBenchmark.setBitSet:iTLB-load-misses","thrpt",4,2,0.000476,NaN,"#/op",7000000
"com.baeldung.bitset.VectorOfBitsBenchmark.setBitSet:iTLB-loads","thrpt",4,2,0.000522,NaN,"#/op",7000000
"com.baeldung.bitset.VectorOfBitsBenchmark.setBitSet:instructions","thrpt",4,2,65.766839,NaN,"#/op",7000000
"com.baeldung.bitset.VectorOfBitsBenchmark.setBitSet","thrpt",4,40,143989207.138248,756270.794340,"ops/s",10000000
"com.baeldung.bitset.VectorOfBitsBenchmark.setBitSet:L1-dcache-load-misses","thrpt",4,2,1.182833,NaN,"#/op",10000000
"com.baeldung.bitset.VectorOfBitsBenchmark.setBitSet:L1-dcache-loads","thrpt",4,2,12.044035,NaN,"#/op",10000000
"com.baeldung.bitset.VectorOfBitsBenchmark.setBitSet:L1-dcache-stores","thrpt",4,2,2.027349,NaN,"#/op",10000000
"com.baeldung.bitset.VectorOfBitsBenchmark.setBitSet:L1-icache-load-misses","thrpt",4,2,0.003071,NaN,"#/op",10000000
"com.baeldung.bitset.VectorOfBitsBenchmark.setBitSet:branch-misses","thrpt",4,2,0.004236,NaN,"#/op",10000000
"com.baeldung.bitset.VectorOfBitsBenchmark.setBitSet:branches","thrpt",4,2,10.491392,NaN,"#/op",10000000
"com.baeldung.bitset.VectorOfBitsBenchmark.setBitSet:dTLB-load-misses","thrpt",4,2,0.000717,NaN,"#/op",10000000
"com.baeldung.bitset.VectorOfBitsBenchmark.setBitSet:dTLB-loads","thrpt",4,2,12.088728,NaN,"#/op",10000000
"com.baeldung.bitset.VectorOfBitsBenchmark.setBitSet:dTLB-store-misses","thrpt",4,2,0.000137,NaN,"#/op",10000000
"com.baeldung.bitset.VectorOfBitsBenchmark.setBitSet:dTLB-stores","thrpt",4,2,2.026174,NaN,"#/op",10000000
"com.baeldung.bitset.VectorOfBitsBenchmark.setBitSet:iTLB-load-misses","thrpt",4,2,0.000380,NaN,"#/op",10000000
"com.baeldung.bitset.VectorOfBitsBenchmark.setBitSet:iTLB-loads","thrpt",4,2,0.000468,NaN,"#/op",10000000
"com.baeldung.bitset.VectorOfBitsBenchmark.setBitSet:instructions","thrpt",4,2,66.391401,NaN,"#/op",10000000
"com.baeldung.bitset.VectorOfBitsBenchmark.setBitSet","thrpt",4,40,151241501.714891,916836.288585,"ops/s",20000000
"com.baeldung.bitset.VectorOfBitsBenchmark.setBitSet:L1-dcache-load-misses","thrpt",4,2,1.107189,NaN,"#/op",20000000
"com.baeldung.bitset.VectorOfBitsBenchmark.setBitSet:L1-dcache-loads","thrpt",4,2,12.041025,NaN,"#/op",20000000
"com.baeldung.bitset.VectorOfBitsBenchmark.setBitSet:L1-dcache-stores","thrpt",4,2,2.031621,NaN,"#/op",20000000
"com.baeldung.bitset.VectorOfBitsBenchmark.setBitSet:L1-icache-load-misses","thrpt",4,2,0.002955,NaN,"#/op",20000000
"com.baeldung.bitset.VectorOfBitsBenchmark.setBitSet:branch-misses","thrpt",4,2,0.004243,NaN,"#/op",20000000
"com.baeldung.bitset.VectorOfBitsBenchmark.setBitSet:branches","thrpt",4,2,10.497239,NaN,"#/op",20000000
"com.baeldung.bitset.VectorOfBitsBenchmark.setBitSet:dTLB-load-misses","thrpt",4,2,0.009641,NaN,"#/op",20000000
"com.baeldung.bitset.VectorOfBitsBenchmark.setBitSet:dTLB-loads","thrpt",4,2,12.098803,NaN,"#/op",20000000
"com.baeldung.bitset.VectorOfBitsBenchmark.setBitSet:dTLB-store-misses","thrpt",4,2,0.001624,NaN,"#/op",20000000
"com.baeldung.bitset.VectorOfBitsBenchmark.setBitSet:dTLB-stores","thrpt",4,2,2.024783,NaN,"#/op",20000000
"com.baeldung.bitset.VectorOfBitsBenchmark.setBitSet:iTLB-load-misses","thrpt",4,2,0.000804,NaN,"#/op",20000000
"com.baeldung.bitset.VectorOfBitsBenchmark.setBitSet:iTLB-loads","thrpt",4,2,0.000269,NaN,"#/op",20000000
"com.baeldung.bitset.VectorOfBitsBenchmark.setBitSet:instructions","thrpt",4,2,66.415849,NaN,"#/op",20000000
"com.baeldung.bitset.VectorOfBitsBenchmark.setBitSet","thrpt",4,40,144263237.497241,732977.702789,"ops/s",30000000
"com.baeldung.bitset.VectorOfBitsBenchmark.setBitSet:L1-dcache-load-misses","thrpt",4,2,1.295403,NaN,"#/op",30000000
"com.baeldung.bitset.VectorOfBitsBenchmark.setBitSet:L1-dcache-loads","thrpt",4,2,12.050585,NaN,"#/op",30000000
"com.baeldung.bitset.VectorOfBitsBenchmark.setBitSet:L1-dcache-stores","thrpt",4,2,2.033163,NaN,"#/op",30000000
"com.baeldung.bitset.VectorOfBitsBenchmark.setBitSet:L1-icache-load-misses","thrpt",4,2,0.003160,NaN,"#/op",30000000
"com.baeldung.bitset.VectorOfBitsBenchmark.setBitSet:branch-misses","thrpt",4,2,0.008815,NaN,"#/op",30000000
"com.baeldung.bitset.VectorOfBitsBenchmark.setBitSet:branches","thrpt",4,2,10.508266,NaN,"#/op",30000000
"com.baeldung.bitset.VectorOfBitsBenchmark.setBitSet:dTLB-load-misses","thrpt",4,2,0.278706,NaN,"#/op",30000000
"com.baeldung.bitset.VectorOfBitsBenchmark.setBitSet:dTLB-loads","thrpt",4,2,12.108627,NaN,"#/op",30000000
"com.baeldung.bitset.VectorOfBitsBenchmark.setBitSet:dTLB-store-misses","thrpt",4,2,0.071757,NaN,"#/op",30000000
"com.baeldung.bitset.VectorOfBitsBenchmark.setBitSet:dTLB-stores","thrpt",4,2,2.030249,NaN,"#/op",30000000
"com.baeldung.bitset.VectorOfBitsBenchmark.setBitSet:iTLB-load-misses","thrpt",4,2,0.001102,NaN,"#/op",30000000
"com.baeldung.bitset.VectorOfBitsBenchmark.setBitSet:iTLB-loads","thrpt",4,2,0.000163,NaN,"#/op",30000000
"com.baeldung.bitset.VectorOfBitsBenchmark.setBitSet:instructions","thrpt",4,2,66.538307,NaN,"#/op",30000000
"com.baeldung.bitset.VectorOfBitsBenchmark.setBitSet","thrpt",4,40,135443772.106893,604312.063062,"ops/s",50000000
"com.baeldung.bitset.VectorOfBitsBenchmark.setBitSet:L1-dcache-load-misses","thrpt",4,2,1.597651,NaN,"#/op",50000000
"com.baeldung.bitset.VectorOfBitsBenchmark.setBitSet:L1-dcache-loads","thrpt",4,2,12.088824,NaN,"#/op",50000000
"com.baeldung.bitset.VectorOfBitsBenchmark.setBitSet:L1-dcache-stores","thrpt",4,2,2.049898,NaN,"#/op",50000000
"com.baeldung.bitset.VectorOfBitsBenchmark.setBitSet:L1-icache-load-misses","thrpt",4,2,0.003236,NaN,"#/op",50000000
"com.baeldung.bitset.VectorOfBitsBenchmark.setBitSet:branch-misses","thrpt",4,2,0.023795,NaN,"#/op",50000000
"com.baeldung.bitset.VectorOfBitsBenchmark.setBitSet:branches","thrpt",4,2,10.565162,NaN,"#/op",50000000
"com.baeldung.bitset.VectorOfBitsBenchmark.setBitSet:dTLB-load-misses","thrpt",4,2,0.822377,NaN,"#/op",50000000
"com.baeldung.bitset.VectorOfBitsBenchmark.setBitSet:dTLB-loads","thrpt",4,2,12.127978,NaN,"#/op",50000000
"com.baeldung.bitset.VectorOfBitsBenchmark.setBitSet:dTLB-store-misses","thrpt",4,2,0.217013,NaN,"#/op",50000000
"com.baeldung.bitset.VectorOfBitsBenchmark.setBitSet:dTLB-stores","thrpt",4,2,2.047233,NaN,"#/op",50000000
"com.baeldung.bitset.VectorOfBitsBenchmark.setBitSet:iTLB-load-misses","thrpt",4,2,0.001227,NaN,"#/op",50000000
"com.baeldung.bitset.VectorOfBitsBenchmark.setBitSet:iTLB-loads","thrpt",4,2,0.000186,NaN,"#/op",50000000
"com.baeldung.bitset.VectorOfBitsBenchmark.setBitSet:instructions","thrpt",4,2,67.051735,NaN,"#/op",50000000
"com.baeldung.bitset.VectorOfBitsBenchmark.setBitSet","thrpt",4,40,131423130.250911,685419.143744,"ops/s",70000000
"com.baeldung.bitset.VectorOfBitsBenchmark.setBitSet:L1-dcache-load-misses","thrpt",4,2,1.830028,NaN,"#/op",70000000
"com.baeldung.bitset.VectorOfBitsBenchmark.setBitSet:L1-dcache-loads","thrpt",4,2,11.075647,NaN,"#/op",70000000
"com.baeldung.bitset.VectorOfBitsBenchmark.setBitSet:L1-dcache-stores","thrpt",4,2,2.048544,NaN,"#/op",70000000
"com.baeldung.bitset.VectorOfBitsBenchmark.setBitSet:L1-icache-load-misses","thrpt",4,2,0.003294,NaN,"#/op",70000000
"com.baeldung.bitset.VectorOfBitsBenchmark.setBitSet:branch-misses","thrpt",4,2,0.023619,NaN,"#/op",70000000
"com.baeldung.bitset.VectorOfBitsBenchmark.setBitSet:branches","thrpt",4,2,11.044497,NaN,"#/op",70000000
"com.baeldung.bitset.VectorOfBitsBenchmark.setBitSet:dTLB-load-misses","thrpt",4,2,1.021551,NaN,"#/op",70000000
"com.baeldung.bitset.VectorOfBitsBenchmark.setBitSet:dTLB-loads","thrpt",4,2,11.121959,NaN,"#/op",70000000
"com.baeldung.bitset.VectorOfBitsBenchmark.setBitSet:dTLB-store-misses","thrpt",4,2,0.318409,NaN,"#/op",70000000
"com.baeldung.bitset.VectorOfBitsBenchmark.setBitSet:dTLB-stores","thrpt",4,2,2.047471,NaN,"#/op",70000000
"com.baeldung.bitset.VectorOfBitsBenchmark.setBitSet:iTLB-load-misses","thrpt",4,2,0.001220,NaN,"#/op",70000000
"com.baeldung.bitset.VectorOfBitsBenchmark.setBitSet:iTLB-loads","thrpt",4,2,0.000154,NaN,"#/op",70000000
"com.baeldung.bitset.VectorOfBitsBenchmark.setBitSet:instructions","thrpt",4,2,67.422027,NaN,"#/op",70000000
"com.baeldung.bitset.VectorOfBitsBenchmark.setBitSet","thrpt",4,40,50126275.321495,128366.907520,"ops/s",1000000000
"com.baeldung.bitset.VectorOfBitsBenchmark.setBitSet:L1-dcache-load-misses","thrpt",4,2,2.007914,NaN,"#/op",1000000000
"com.baeldung.bitset.VectorOfBitsBenchmark.setBitSet:L1-dcache-loads","thrpt",4,2,13.283731,NaN,"#/op",1000000000
"com.baeldung.bitset.VectorOfBitsBenchmark.setBitSet:L1-dcache-stores","thrpt",4,2,2.158816,NaN,"#/op",1000000000
"com.baeldung.bitset.VectorOfBitsBenchmark.setBitSet:L1-icache-load-misses","thrpt",4,2,0.009154,NaN,"#/op",1000000000
"com.baeldung.bitset.VectorOfBitsBenchmark.setBitSet:branch-misses","thrpt",4,2,0.077561,NaN,"#/op",1000000000
"com.baeldung.bitset.VectorOfBitsBenchmark.setBitSet:branches","thrpt",4,2,10.255507,NaN,"#/op",1000000000
"com.baeldung.bitset.VectorOfBitsBenchmark.setBitSet:dTLB-load-misses","thrpt",4,2,2.580432,NaN,"#/op",1000000000
"com.baeldung.bitset.VectorOfBitsBenchmark.setBitSet:dTLB-loads","thrpt",4,2,13.332989,NaN,"#/op",1000000000
"com.baeldung.bitset.VectorOfBitsBenchmark.setBitSet:dTLB-store-misses","thrpt",4,2,0.240555,NaN,"#/op",1000000000
"com.baeldung.bitset.VectorOfBitsBenchmark.setBitSet:dTLB-stores","thrpt",4,2,2.141680,NaN,"#/op",1000000000
"com.baeldung.bitset.VectorOfBitsBenchmark.setBitSet:iTLB-load-misses","thrpt",4,2,0.003075,NaN,"#/op",1000000000
"com.baeldung.bitset.VectorOfBitsBenchmark.setBitSet:iTLB-loads","thrpt",4,2,0.000400,NaN,"#/op",1000000000
"com.baeldung.bitset.VectorOfBitsBenchmark.setBitSet:instructions","thrpt",4,2,68.183448,NaN,"#/op",1000000000
"com.baeldung.bitset.VectorOfBitsBenchmark.setBoolArray","thrpt",4,40,103190024.246958,1465075.410304,"ops/s",100
"com.baeldung.bitset.VectorOfBitsBenchmark.setBoolArray:L1-dcache-load-misses","thrpt",4,2,0.387288,NaN,"#/op",100
"com.baeldung.bitset.VectorOfBitsBenchmark.setBoolArray:L1-dcache-loads","thrpt",4,2,10.061946,NaN,"#/op",100
"com.baeldung.bitset.VectorOfBitsBenchmark.setBoolArray:L1-dcache-stores","thrpt",4,2,2.041483,NaN,"#/op",100
"com.baeldung.bitset.VectorOfBitsBenchmark.setBoolArray:L1-icache-load-misses","thrpt",4,2,0.003577,NaN,"#/op",100
"com.baeldung.bitset.VectorOfBitsBenchmark.setBoolArray:branch-misses","thrpt",4,2,0.001007,NaN,"#/op",100
"com.baeldung.bitset.VectorOfBitsBenchmark.setBoolArray:branches","thrpt",4,2,7.999897,NaN,"#/op",100
"com.baeldung.bitset.VectorOfBitsBenchmark.setBoolArray:dTLB-load-misses","thrpt",4,2,0.000288,NaN,"#/op",100
"com.baeldung.bitset.VectorOfBitsBenchmark.setBoolArray:dTLB-loads","thrpt",4,2,10.121073,NaN,"#/op",100
"com.baeldung.bitset.VectorOfBitsBenchmark.setBoolArray:dTLB-store-misses","thrpt",4,2,0.000058,NaN,"#/op",100
"com.baeldung.bitset.VectorOfBitsBenchmark.setBoolArray:dTLB-stores","thrpt",4,2,2.034064,NaN,"#/op",100
"com.baeldung.bitset.VectorOfBitsBenchmark.setBoolArray:iTLB-load-misses","thrpt",4,2,0.000424,NaN,"#/op",100
"com.baeldung.bitset.VectorOfBitsBenchmark.setBoolArray:iTLB-loads","thrpt",4,2,0.000703,NaN,"#/op",100
"com.baeldung.bitset.VectorOfBitsBenchmark.setBoolArray:instructions","thrpt",4,2,52.880071,NaN,"#/op",100
"com.baeldung.bitset.VectorOfBitsBenchmark.setBoolArray","thrpt",4,40,139443098.218536,1499104.709607,"ops/s",1000
"com.baeldung.bitset.VectorOfBitsBenchmark.setBoolArray:L1-dcache-load-misses","thrpt",4,2,0.646658,NaN,"#/op",1000
"com.baeldung.bitset.VectorOfBitsBenchmark.setBoolArray:L1-dcache-loads","thrpt",4,2,10.016290,NaN,"#/op",1000
"com.baeldung.bitset.VectorOfBitsBenchmark.setBoolArray:L1-dcache-stores","thrpt",4,2,2.026692,NaN,"#/op",1000
"com.baeldung.bitset.VectorOfBitsBenchmark.setBoolArray:L1-icache-load-misses","thrpt",4,2,0.002577,NaN,"#/op",1000
"com.baeldung.bitset.VectorOfBitsBenchmark.setBoolArray:branch-misses","thrpt",4,2,0.000566,NaN,"#/op",1000
"com.baeldung.bitset.VectorOfBitsBenchmark.setBoolArray:branches","thrpt",4,2,7.966181,NaN,"#/op",1000
"com.baeldung.bitset.VectorOfBitsBenchmark.setBoolArray:dTLB-load-misses","thrpt",4,2,0.000281,NaN,"#/op",1000
"com.baeldung.bitset.VectorOfBitsBenchmark.setBoolArray:dTLB-loads","thrpt",4,2,10.090556,NaN,"#/op",1000
"com.baeldung.bitset.VectorOfBitsBenchmark.setBoolArray:dTLB-store-misses","thrpt",4,2,0.000053,NaN,"#/op",1000
"com.baeldung.bitset.VectorOfBitsBenchmark.setBoolArray:dTLB-stores","thrpt",4,2,2.025779,NaN,"#/op",1000
"com.baeldung.bitset.VectorOfBitsBenchmark.setBoolArray:iTLB-load-misses","thrpt",4,2,0.000324,NaN,"#/op",1000
"com.baeldung.bitset.VectorOfBitsBenchmark.setBoolArray:iTLB-loads","thrpt",4,2,0.000544,NaN,"#/op",1000
"com.baeldung.bitset.VectorOfBitsBenchmark.setBoolArray:instructions","thrpt",4,2,52.677854,NaN,"#/op",1000
"com.baeldung.bitset.VectorOfBitsBenchmark.setBoolArray","thrpt",4,40,141884743.566510,786570.828615,"ops/s",5000
"com.baeldung.bitset.VectorOfBitsBenchmark.setBoolArray:L1-dcache-load-misses","thrpt",4,2,0.721487,NaN,"#/op",5000
"com.baeldung.bitset.VectorOfBitsBenchmark.setBoolArray:L1-dcache-loads","thrpt",4,2,10.046555,NaN,"#/op",5000
"com.baeldung.bitset.VectorOfBitsBenchmark.setBoolArray:L1-dcache-stores","thrpt",4,2,2.030607,NaN,"#/op",5000
"com.baeldung.bitset.VectorOfBitsBenchmark.setBoolArray:L1-icache-load-misses","thrpt",4,2,0.002780,NaN,"#/op",5000
"com.baeldung.bitset.VectorOfBitsBenchmark.setBoolArray:branch-misses","thrpt",4,2,0.000635,NaN,"#/op",5000
"com.baeldung.bitset.VectorOfBitsBenchmark.setBoolArray:branches","thrpt",4,2,7.999213,NaN,"#/op",5000
"com.baeldung.bitset.VectorOfBitsBenchmark.setBoolArray:dTLB-load-misses","thrpt",4,2,0.000238,NaN,"#/op",5000
"com.baeldung.bitset.VectorOfBitsBenchmark.setBoolArray:dTLB-loads","thrpt",4,2,10.100109,NaN,"#/op",5000
"com.baeldung.bitset.VectorOfBitsBenchmark.setBoolArray:dTLB-store-misses","thrpt",4,2,0.000048,NaN,"#/op",5000
"com.baeldung.bitset.VectorOfBitsBenchmark.setBoolArray:dTLB-stores","thrpt",4,2,2.027592,NaN,"#/op",5000
"com.baeldung.bitset.VectorOfBitsBenchmark.setBoolArray:iTLB-load-misses","thrpt",4,2,0.000322,NaN,"#/op",5000
"com.baeldung.bitset.VectorOfBitsBenchmark.setBoolArray:iTLB-loads","thrpt",4,2,0.000530,NaN,"#/op",5000
"com.baeldung.bitset.VectorOfBitsBenchmark.setBoolArray:instructions","thrpt",4,2,52.883150,NaN,"#/op",5000
"com.baeldung.bitset.VectorOfBitsBenchmark.setBoolArray","thrpt",4,40,141434121.940795,678907.202147,"ops/s",50000
"com.baeldung.bitset.VectorOfBitsBenchmark.setBoolArray:L1-dcache-load-misses","thrpt",4,2,0.737588,NaN,"#/op",50000
"com.baeldung.bitset.VectorOfBitsBenchmark.setBoolArray:L1-dcache-loads","thrpt",4,2,10.009752,NaN,"#/op",50000
"com.baeldung.bitset.VectorOfBitsBenchmark.setBoolArray:L1-dcache-stores","thrpt",4,2,2.025647,NaN,"#/op",50000
"com.baeldung.bitset.VectorOfBitsBenchmark.setBoolArray:L1-icache-load-misses","thrpt",4,2,0.002709,NaN,"#/op",50000
"com.baeldung.bitset.VectorOfBitsBenchmark.setBoolArray:branch-misses","thrpt",4,2,0.000564,NaN,"#/op",50000
"com.baeldung.bitset.VectorOfBitsBenchmark.setBoolArray:branches","thrpt",4,2,7.966167,NaN,"#/op",50000
"com.baeldung.bitset.VectorOfBitsBenchmark.setBoolArray:dTLB-load-misses","thrpt",4,2,0.000248,NaN,"#/op",50000
"com.baeldung.bitset.VectorOfBitsBenchmark.setBoolArray:dTLB-loads","thrpt",4,2,10.084263,NaN,"#/op",50000
"com.baeldung.bitset.VectorOfBitsBenchmark.setBoolArray:dTLB-store-misses","thrpt",4,2,0.000061,NaN,"#/op",50000
"com.baeldung.bitset.VectorOfBitsBenchmark.setBoolArray:dTLB-stores","thrpt",4,2,2.022513,NaN,"#/op",50000
"com.baeldung.bitset.VectorOfBitsBenchmark.setBoolArray:iTLB-load-misses","thrpt",4,2,0.000310,NaN,"#/op",50000
"com.baeldung.bitset.VectorOfBitsBenchmark.setBoolArray:iTLB-loads","thrpt",4,2,0.000559,NaN,"#/op",50000
"com.baeldung.bitset.VectorOfBitsBenchmark.setBoolArray:instructions","thrpt",4,2,52.676130,NaN,"#/op",50000
"com.baeldung.bitset.VectorOfBitsBenchmark.setBoolArray","thrpt",4,40,141443758.907874,627442.604356,"ops/s",100000
"com.baeldung.bitset.VectorOfBitsBenchmark.setBoolArray:L1-dcache-load-misses","thrpt",4,2,0.778842,NaN,"#/op",100000
"com.baeldung.bitset.VectorOfBitsBenchmark.setBoolArray:L1-dcache-loads","thrpt",4,2,10.031381,NaN,"#/op",100000
"com.baeldung.bitset.VectorOfBitsBenchmark.setBoolArray:L1-dcache-stores","thrpt",4,2,2.028014,NaN,"#/op",100000
"com.baeldung.bitset.VectorOfBitsBenchmark.setBoolArray:L1-icache-load-misses","thrpt",4,2,0.003220,NaN,"#/op",100000
"com.baeldung.bitset.VectorOfBitsBenchmark.setBoolArray:branch-misses","thrpt",4,2,0.000652,NaN,"#/op",100000
"com.baeldung.bitset.VectorOfBitsBenchmark.setBoolArray:branches","thrpt",4,2,7.979226,NaN,"#/op",100000
"com.baeldung.bitset.VectorOfBitsBenchmark.setBoolArray:dTLB-load-misses","thrpt",4,2,0.000287,NaN,"#/op",100000
"com.baeldung.bitset.VectorOfBitsBenchmark.setBoolArray:dTLB-loads","thrpt",4,2,10.089836,NaN,"#/op",100000
"com.baeldung.bitset.VectorOfBitsBenchmark.setBoolArray:dTLB-store-misses","thrpt",4,2,0.000071,NaN,"#/op",100000
"com.baeldung.bitset.VectorOfBitsBenchmark.setBoolArray:dTLB-stores","thrpt",4,2,2.023236,NaN,"#/op",100000
"com.baeldung.bitset.VectorOfBitsBenchmark.setBoolArray:iTLB-load-misses","thrpt",4,2,0.000286,NaN,"#/op",100000
"com.baeldung.bitset.VectorOfBitsBenchmark.setBoolArray:iTLB-loads","thrpt",4,2,0.000507,NaN,"#/op",100000
"com.baeldung.bitset.VectorOfBitsBenchmark.setBoolArray:instructions","thrpt",4,2,52.734083,NaN,"#/op",100000
"com.baeldung.bitset.VectorOfBitsBenchmark.setBoolArray","thrpt",4,40,147240354.620049,715098.421473,"ops/s",1000000
"com.baeldung.bitset.VectorOfBitsBenchmark.setBoolArray:L1-dcache-load-misses","thrpt",4,2,0.974563,NaN,"#/op",1000000
"com.baeldung.bitset.VectorOfBitsBenchmark.setBoolArray:L1-dcache-loads","thrpt",4,2,10.031177,NaN,"#/op",1000000
"com.baeldung.bitset.VectorOfBitsBenchmark.setBoolArray:L1-dcache-stores","thrpt",4,2,2.024039,NaN,"#/op",1000000
"com.baeldung.bitset.VectorOfBitsBenchmark.setBoolArray:L1-icache-load-misses","thrpt",4,2,0.003099,NaN,"#/op",1000000
"com.baeldung.bitset.VectorOfBitsBenchmark.setBoolArray:branch-misses","thrpt",4,2,0.000948,NaN,"#/op",1000000
"com.baeldung.bitset.VectorOfBitsBenchmark.setBoolArray:branches","thrpt",4,2,7.989072,NaN,"#/op",1000000
"com.baeldung.bitset.VectorOfBitsBenchmark.setBoolArray:dTLB-load-misses","thrpt",4,2,0.000372,NaN,"#/op",1000000
"com.baeldung.bitset.VectorOfBitsBenchmark.setBoolArray:dTLB-loads","thrpt",4,2,10.069719,NaN,"#/op",1000000
"com.baeldung.bitset.VectorOfBitsBenchmark.setBoolArray:dTLB-store-misses","thrpt",4,2,0.000330,NaN,"#/op",1000000
"com.baeldung.bitset.VectorOfBitsBenchmark.setBoolArray:dTLB-stores","thrpt",4,2,2.020618,NaN,"#/op",1000000
"com.baeldung.bitset.VectorOfBitsBenchmark.setBoolArray:iTLB-load-misses","thrpt",4,2,0.000355,NaN,"#/op",1000000
"com.baeldung.bitset.VectorOfBitsBenchmark.setBoolArray:iTLB-loads","thrpt",4,2,0.000477,NaN,"#/op",1000000
"com.baeldung.bitset.VectorOfBitsBenchmark.setBoolArray:instructions","thrpt",4,2,52.839884,NaN,"#/op",1000000
"com.baeldung.bitset.VectorOfBitsBenchmark.setBoolArray","thrpt",4,40,153622403.885271,1327782.331450,"ops/s",2000000
"com.baeldung.bitset.VectorOfBitsBenchmark.setBoolArray:L1-dcache-load-misses","thrpt",4,2,0.991925,NaN,"#/op",2000000
"com.baeldung.bitset.VectorOfBitsBenchmark.setBoolArray:L1-dcache-loads","thrpt",4,2,10.032598,NaN,"#/op",2000000
"com.baeldung.bitset.VectorOfBitsBenchmark.setBoolArray:L1-dcache-stores","thrpt",4,2,2.024720,NaN,"#/op",2000000
"com.baeldung.bitset.VectorOfBitsBenchmark.setBoolArray:L1-icache-load-misses","thrpt",4,2,0.003245,NaN,"#/op",2000000
"com.baeldung.bitset.VectorOfBitsBenchmark.setBoolArray:branch-misses","thrpt",4,2,0.001456,NaN,"#/op",2000000
"com.baeldung.bitset.VectorOfBitsBenchmark.setBoolArray:branches","thrpt",4,2,7.991914,NaN,"#/op",2000000
"com.baeldung.bitset.VectorOfBitsBenchmark.setBoolArray:dTLB-load-misses","thrpt",4,2,0.000825,NaN,"#/op",2000000
"com.baeldung.bitset.VectorOfBitsBenchmark.setBoolArray:dTLB-loads","thrpt",4,2,10.079811,NaN,"#/op",2000000
"com.baeldung.bitset.VectorOfBitsBenchmark.setBoolArray:dTLB-store-misses","thrpt",4,2,0.001852,NaN,"#/op",2000000
"com.baeldung.bitset.VectorOfBitsBenchmark.setBoolArray:dTLB-stores","thrpt",4,2,2.024947,NaN,"#/op",2000000
"com.baeldung.bitset.VectorOfBitsBenchmark.setBoolArray:iTLB-load-misses","thrpt",4,2,0.000643,NaN,"#/op",2000000
"com.baeldung.bitset.VectorOfBitsBenchmark.setBoolArray:iTLB-loads","thrpt",4,2,0.000377,NaN,"#/op",2000000
"com.baeldung.bitset.VectorOfBitsBenchmark.setBoolArray:instructions","thrpt",4,2,52.870424,NaN,"#/op",2000000
"com.baeldung.bitset.VectorOfBitsBenchmark.setBoolArray","thrpt",4,40,156527596.524201,795077.911203,"ops/s",3000000
"com.baeldung.bitset.VectorOfBitsBenchmark.setBoolArray:L1-dcache-load-misses","thrpt",4,2,1.014728,NaN,"#/op",3000000
"com.baeldung.bitset.VectorOfBitsBenchmark.setBoolArray:L1-dcache-loads","thrpt",4,2,10.027806,NaN,"#/op",3000000
"com.baeldung.bitset.VectorOfBitsBenchmark.setBoolArray:L1-dcache-stores","thrpt",4,2,2.024255,NaN,"#/op",3000000
"com.baeldung.bitset.VectorOfBitsBenchmark.setBoolArray:L1-icache-load-misses","thrpt",4,2,0.003058,NaN,"#/op",3000000
"com.baeldung.bitset.VectorOfBitsBenchmark.setBoolArray:branch-misses","thrpt",4,2,0.001984,NaN,"#/op",3000000
"com.baeldung.bitset.VectorOfBitsBenchmark.setBoolArray:branches","thrpt",4,2,7.990123,NaN,"#/op",3000000
"com.baeldung.bitset.VectorOfBitsBenchmark.setBoolArray:dTLB-load-misses","thrpt",4,2,0.002815,NaN,"#/op",3000000
"com.baeldung.bitset.VectorOfBitsBenchmark.setBoolArray:dTLB-loads","thrpt",4,2,10.076875,NaN,"#/op",3000000
"com.baeldung.bitset.VectorOfBitsBenchmark.setBoolArray:dTLB-store-misses","thrpt",4,2,0.018651,NaN,"#/op",3000000
"com.baeldung.bitset.VectorOfBitsBenchmark.setBoolArray:dTLB-stores","thrpt",4,2,2.022515,NaN,"#/op",3000000
"com.baeldung.bitset.VectorOfBitsBenchmark.setBoolArray:iTLB-load-misses","thrpt",4,2,0.000962,NaN,"#/op",3000000
"com.baeldung.bitset.VectorOfBitsBenchmark.setBoolArray:iTLB-loads","thrpt",4,2,0.000127,NaN,"#/op",3000000
"com.baeldung.bitset.VectorOfBitsBenchmark.setBoolArray:instructions","thrpt",4,2,52.871439,NaN,"#/op",3000000
"com.baeldung.bitset.VectorOfBitsBenchmark.setBoolArray","thrpt",4,40,158079426.644001,913191.923219,"ops/s",5000000
"com.baeldung.bitset.VectorOfBitsBenchmark.setBoolArray:L1-dcache-load-misses","thrpt",4,2,1.472277,NaN,"#/op",5000000
"com.baeldung.bitset.VectorOfBitsBenchmark.setBoolArray:L1-dcache-loads","thrpt",4,2,10.052808,NaN,"#/op",5000000
"com.baeldung.bitset.VectorOfBitsBenchmark.setBoolArray:L1-dcache-stores","thrpt",4,2,2.029994,NaN,"#/op",5000000
"com.baeldung.bitset.VectorOfBitsBenchmark.setBoolArray:L1-icache-load-misses","thrpt",4,2,0.003121,NaN,"#/op",5000000
"com.baeldung.bitset.VectorOfBitsBenchmark.setBoolArray:branch-misses","thrpt",4,2,0.002145,NaN,"#/op",5000000
"com.baeldung.bitset.VectorOfBitsBenchmark.setBoolArray:branches","thrpt",4,2,8.011432,NaN,"#/op",5000000
"com.baeldung.bitset.VectorOfBitsBenchmark.setBoolArray:dTLB-load-misses","thrpt",4,2,0.004486,NaN,"#/op",5000000
"com.baeldung.bitset.VectorOfBitsBenchmark.setBoolArray:dTLB-loads","thrpt",4,2,10.093163,NaN,"#/op",5000000
"com.baeldung.bitset.VectorOfBitsBenchmark.setBoolArray:dTLB-store-misses","thrpt",4,2,0.766815,NaN,"#/op",5000000
"com.baeldung.bitset.VectorOfBitsBenchmark.setBoolArray:dTLB-stores","thrpt",4,2,2.025713,NaN,"#/op",5000000
"com.baeldung.bitset.VectorOfBitsBenchmark.setBoolArray:iTLB-load-misses","thrpt",4,2,0.001161,NaN,"#/op",5000000
"com.baeldung.bitset.VectorOfBitsBenchmark.setBoolArray:iTLB-loads","thrpt",4,2,0.000105,NaN,"#/op",5000000
"com.baeldung.bitset.VectorOfBitsBenchmark.setBoolArray:instructions","thrpt",4,2,53.016947,NaN,"#/op",5000000
"com.baeldung.bitset.VectorOfBitsBenchmark.setBoolArray","thrpt",4,40,157390156.667728,672584.777681,"ops/s",7000000
"com.baeldung.bitset.VectorOfBitsBenchmark.setBoolArray:L1-dcache-load-misses","thrpt",4,2,1.695306,NaN,"#/op",7000000
"com.baeldung.bitset.VectorOfBitsBenchmark.setBoolArray:L1-dcache-loads","thrpt",4,2,10.053664,NaN,"#/op",7000000
"com.baeldung.bitset.VectorOfBitsBenchmark.setBoolArray:L1-dcache-stores","thrpt",4,2,2.031368,NaN,"#/op",7000000
"com.baeldung.bitset.VectorOfBitsBenchmark.setBoolArray:L1-icache-load-misses","thrpt",4,2,0.003326,NaN,"#/op",7000000
"com.baeldung.bitset.VectorOfBitsBenchmark.setBoolArray:branch-misses","thrpt",4,2,0.003155,NaN,"#/op",7000000
"com.baeldung.bitset.VectorOfBitsBenchmark.setBoolArray:branches","thrpt",4,2,8.010168,NaN,"#/op",7000000
"com.baeldung.bitset.VectorOfBitsBenchmark.setBoolArray:dTLB-load-misses","thrpt",4,2,0.005645,NaN,"#/op",7000000
"com.baeldung.bitset.VectorOfBitsBenchmark.setBoolArray:dTLB-loads","thrpt",4,2,10.095965,NaN,"#/op",7000000
"com.baeldung.bitset.VectorOfBitsBenchmark.setBoolArray:dTLB-store-misses","thrpt",4,2,1.128123,NaN,"#/op",7000000
"com.baeldung.bitset.VectorOfBitsBenchmark.setBoolArray:dTLB-stores","thrpt",4,2,2.028504,NaN,"#/op",7000000
"com.baeldung.bitset.VectorOfBitsBenchmark.setBoolArray:iTLB-load-misses","thrpt",4,2,0.001011,NaN,"#/op",7000000
"com.baeldung.bitset.VectorOfBitsBenchmark.setBoolArray:iTLB-loads","thrpt",4,2,0.000110,NaN,"#/op",7000000
"com.baeldung.bitset.VectorOfBitsBenchmark.setBoolArray:instructions","thrpt",4,2,53.003675,NaN,"#/op",7000000
"com.baeldung.bitset.VectorOfBitsBenchmark.setBoolArray","thrpt",4,40,157798980.940213,764697.250786,"ops/s",10000000
"com.baeldung.bitset.VectorOfBitsBenchmark.setBoolArray:L1-dcache-load-misses","thrpt",4,2,1.952853,NaN,"#/op",10000000
"com.baeldung.bitset.VectorOfBitsBenchmark.setBoolArray:L1-dcache-loads","thrpt",4,2,10.022777,NaN,"#/op",10000000
"com.baeldung.bitset.VectorOfBitsBenchmark.setBoolArray:L1-dcache-stores","thrpt",4,2,2.023807,NaN,"#/op",10000000
"com.baeldung.bitset.VectorOfBitsBenchmark.setBoolArray:L1-icache-load-misses","thrpt",4,2,0.003257,NaN,"#/op",10000000
"com.baeldung.bitset.VectorOfBitsBenchmark.setBoolArray:branch-misses","thrpt",4,2,0.004008,NaN,"#/op",10000000
"com.baeldung.bitset.VectorOfBitsBenchmark.setBoolArray:branches","thrpt",4,2,7.990682,NaN,"#/op",10000000
"com.baeldung.bitset.VectorOfBitsBenchmark.setBoolArray:dTLB-load-misses","thrpt",4,2,0.004266,NaN,"#/op",10000000
"com.baeldung.bitset.VectorOfBitsBenchmark.setBoolArray:dTLB-loads","thrpt",4,2,10.059754,NaN,"#/op",10000000
"com.baeldung.bitset.VectorOfBitsBenchmark.setBoolArray:dTLB-store-misses","thrpt",4,2,1.397186,NaN,"#/op",10000000
"com.baeldung.bitset.VectorOfBitsBenchmark.setBoolArray:dTLB-stores","thrpt",4,2,2.019997,NaN,"#/op",10000000
"com.baeldung.bitset.VectorOfBitsBenchmark.setBoolArray:iTLB-load-misses","thrpt",4,2,0.001003,NaN,"#/op",10000000
"com.baeldung.bitset.VectorOfBitsBenchmark.setBoolArray:iTLB-loads","thrpt",4,2,0.000129,NaN,"#/op",10000000
"com.baeldung.bitset.VectorOfBitsBenchmark.setBoolArray:instructions","thrpt",4,2,52.896245,NaN,"#/op",10000000
"com.baeldung.bitset.VectorOfBitsBenchmark.setBoolArray","thrpt",4,40,150330975.246741,1605620.715961,"ops/s",20000000
"com.baeldung.bitset.VectorOfBitsBenchmark.setBoolArray:L1-dcache-load-misses","thrpt",4,2,2.378773,NaN,"#/op",20000000
"com.baeldung.bitset.VectorOfBitsBenchmark.setBoolArray:L1-dcache-loads","thrpt",4,2,10.036047,NaN,"#/op",20000000
"com.baeldung.bitset.VectorOfBitsBenchmark.setBoolArray:L1-dcache-stores","thrpt",4,2,2.030046,NaN,"#/op",20000000
"com.baeldung.bitset.VectorOfBitsBenchmark.setBoolArray:L1-icache-load-misses","thrpt",4,2,0.003117,NaN,"#/op",20000000
"com.baeldung.bitset.VectorOfBitsBenchmark.setBoolArray:branch-misses","thrpt",4,2,0.004204,NaN,"#/op",20000000
"com.baeldung.bitset.VectorOfBitsBenchmark.setBoolArray:branches","thrpt",4,2,8.001242,NaN,"#/op",20000000
"com.baeldung.bitset.VectorOfBitsBenchmark.setBoolArray:dTLB-load-misses","thrpt",4,2,0.005145,NaN,"#/op",20000000
"com.baeldung.bitset.VectorOfBitsBenchmark.setBoolArray:dTLB-loads","thrpt",4,2,10.078731,NaN,"#/op",20000000
"com.baeldung.bitset.VectorOfBitsBenchmark.setBoolArray:dTLB-store-misses","thrpt",4,2,1.708955,NaN,"#/op",20000000
"com.baeldung.bitset.VectorOfBitsBenchmark.setBoolArray:dTLB-stores","thrpt",4,2,2.023010,NaN,"#/op",20000000
"com.baeldung.bitset.VectorOfBitsBenchmark.setBoolArray:iTLB-load-misses","thrpt",4,2,0.001044,NaN,"#/op",20000000
"com.baeldung.bitset.VectorOfBitsBenchmark.setBoolArray:iTLB-loads","thrpt",4,2,0.000128,NaN,"#/op",20000000
"com.baeldung.bitset.VectorOfBitsBenchmark.setBoolArray:instructions","thrpt",4,2,52.933174,NaN,"#/op",20000000
"com.baeldung.bitset.VectorOfBitsBenchmark.setBoolArray","thrpt",4,40,114316055.929498,3553753.935720,"ops/s",30000000
"com.baeldung.bitset.VectorOfBitsBenchmark.setBoolArray:L1-dcache-load-misses","thrpt",4,2,2.573253,NaN,"#/op",30000000
"com.baeldung.bitset.VectorOfBitsBenchmark.setBoolArray:L1-dcache-loads","thrpt",4,2,10.049313,NaN,"#/op",30000000
"com.baeldung.bitset.VectorOfBitsBenchmark.setBoolArray:L1-dcache-stores","thrpt",4,2,2.038018,NaN,"#/op",30000000
"com.baeldung.bitset.VectorOfBitsBenchmark.setBoolArray:L1-icache-load-misses","thrpt",4,2,0.003989,NaN,"#/op",30000000
"com.baeldung.bitset.VectorOfBitsBenchmark.setBoolArray:branch-misses","thrpt",4,2,0.008927,NaN,"#/op",30000000
"com.baeldung.bitset.VectorOfBitsBenchmark.setBoolArray:branches","thrpt",4,2,8.014444,NaN,"#/op",30000000
"com.baeldung.bitset.VectorOfBitsBenchmark.setBoolArray:dTLB-load-misses","thrpt",4,2,0.008533,NaN,"#/op",30000000
"com.baeldung.bitset.VectorOfBitsBenchmark.setBoolArray:dTLB-loads","thrpt",4,2,10.094540,NaN,"#/op",30000000
"com.baeldung.bitset.VectorOfBitsBenchmark.setBoolArray:dTLB-store-misses","thrpt",4,2,1.824349,NaN,"#/op",30000000
"com.baeldung.bitset.VectorOfBitsBenchmark.setBoolArray:dTLB-stores","thrpt",4,2,2.033037,NaN,"#/op",30000000
"com.baeldung.bitset.VectorOfBitsBenchmark.setBoolArray:iTLB-load-misses","thrpt",4,2,0.001348,NaN,"#/op",30000000
"com.baeldung.bitset.VectorOfBitsBenchmark.setBoolArray:iTLB-loads","thrpt",4,2,0.000178,NaN,"#/op",30000000
"com.baeldung.bitset.VectorOfBitsBenchmark.setBoolArray:instructions","thrpt",4,2,53.081475,NaN,"#/op",30000000
"com.baeldung.bitset.VectorOfBitsBenchmark.setBoolArray","thrpt",4,40,62800524.051547,1844174.328399,"ops/s",50000000
"com.baeldung.bitset.VectorOfBitsBenchmark.setBoolArray:L1-dcache-load-misses","thrpt",4,2,2.806845,NaN,"#/op",50000000
"com.baeldung.bitset.VectorOfBitsBenchmark.setBoolArray:L1-dcache-loads","thrpt",4,2,10.118333,NaN,"#/op",50000000
"com.baeldung.bitset.VectorOfBitsBenchmark.setBoolArray:L1-dcache-stores","thrpt",4,2,2.069840,NaN,"#/op",50000000
"com.baeldung.bitset.VectorOfBitsBenchmark.setBoolArray:L1-icache-load-misses","thrpt",4,2,0.007308,NaN,"#/op",50000000
"com.baeldung.bitset.VectorOfBitsBenchmark.setBoolArray:branch-misses","thrpt",4,2,0.024665,NaN,"#/op",50000000
"com.baeldung.bitset.VectorOfBitsBenchmark.setBoolArray:branches","thrpt",4,2,8.083796,NaN,"#/op",50000000
"com.baeldung.bitset.VectorOfBitsBenchmark.setBoolArray:dTLB-load-misses","thrpt",4,2,0.010630,NaN,"#/op",50000000
"com.baeldung.bitset.VectorOfBitsBenchmark.setBoolArray:dTLB-loads","thrpt",4,2,10.175443,NaN,"#/op",50000000
"com.baeldung.bitset.VectorOfBitsBenchmark.setBoolArray:dTLB-store-misses","thrpt",4,2,2.245008,NaN,"#/op",50000000
"com.baeldung.bitset.VectorOfBitsBenchmark.setBoolArray:dTLB-stores","thrpt",4,2,2.067306,NaN,"#/op",50000000
"com.baeldung.bitset.VectorOfBitsBenchmark.setBoolArray:iTLB-load-misses","thrpt",4,2,0.002569,NaN,"#/op",50000000
"com.baeldung.bitset.VectorOfBitsBenchmark.setBoolArray:iTLB-loads","thrpt",4,2,0.000342,NaN,"#/op",50000000
"com.baeldung.bitset.VectorOfBitsBenchmark.setBoolArray:instructions","thrpt",4,2,53.626962,NaN,"#/op",50000000
"com.baeldung.bitset.VectorOfBitsBenchmark.setBoolArray","thrpt",4,40,51085547.708493,526048.863875,"ops/s",70000000
"com.baeldung.bitset.VectorOfBitsBenchmark.setBoolArray:L1-dcache-load-misses","thrpt",4,2,2.914760,NaN,"#/op",70000000
"com.baeldung.bitset.VectorOfBitsBenchmark.setBoolArray:L1-dcache-loads","thrpt",4,2,10.140406,NaN,"#/op",70000000
"com.baeldung.bitset.VectorOfBitsBenchmark.setBoolArray:L1-dcache-stores","thrpt",4,2,2.094680,NaN,"#/op",70000000
"com.baeldung.bitset.VectorOfBitsBenchmark.setBoolArray:L1-icache-load-misses","thrpt",4,2,0.010137,NaN,"#/op",70000000
"com.baeldung.bitset.VectorOfBitsBenchmark.setBoolArray:branch-misses","thrpt",4,2,0.024495,NaN,"#/op",70000000
"com.baeldung.bitset.VectorOfBitsBenchmark.setBoolArray:branches","thrpt",4,2,8.083728,NaN,"#/op",70000000
"com.baeldung.bitset.VectorOfBitsBenchmark.setBoolArray:dTLB-load-misses","thrpt",4,2,0.010755,NaN,"#/op",70000000
"com.baeldung.bitset.VectorOfBitsBenchmark.setBoolArray:dTLB-loads","thrpt",4,2,10.191453,NaN,"#/op",70000000
"com.baeldung.bitset.VectorOfBitsBenchmark.setBoolArray:dTLB-store-misses","thrpt",4,2,2.472813,NaN,"#/op",70000000
"com.baeldung.bitset.VectorOfBitsBenchmark.setBoolArray:dTLB-stores","thrpt",4,2,2.075312,NaN,"#/op",70000000
"com.baeldung.bitset.VectorOfBitsBenchmark.setBoolArray:iTLB-load-misses","thrpt",4,2,0.002962,NaN,"#/op",70000000
"com.baeldung.bitset.VectorOfBitsBenchmark.setBoolArray:iTLB-loads","thrpt",4,2,0.000380,NaN,"#/op",70000000
"com.baeldung.bitset.VectorOfBitsBenchmark.setBoolArray:instructions","thrpt",4,2,53.631291,NaN,"#/op",70000000
"com.baeldung.bitset.VectorOfBitsBenchmark.setBoolArray","thrpt",4,40,35331072.282690,115127.559672,"ops/s",1000000000
"com.baeldung.bitset.VectorOfBitsBenchmark.setBoolArray:L1-dcache-load-misses","thrpt",4,2,2.877579,NaN,"#/op",1000000000
"com.baeldung.bitset.VectorOfBitsBenchmark.setBoolArray:L1-dcache-loads","thrpt",4,2,10.331614,NaN,"#/op",1000000000
"com.baeldung.bitset.VectorOfBitsBenchmark.setBoolArray:L1-dcache-stores","thrpt",4,2,2.181433,NaN,"#/op",1000000000
"com.baeldung.bitset.VectorOfBitsBenchmark.setBoolArray:L1-icache-load-misses","thrpt",4,2,0.013025,NaN,"#/op",1000000000
"com.baeldung.bitset.VectorOfBitsBenchmark.setBoolArray:branch-misses","thrpt",4,2,0.078282,NaN,"#/op",1000000000
"com.baeldung.bitset.VectorOfBitsBenchmark.setBoolArray:branches","thrpt",4,2,8.293426,NaN,"#/op",1000000000
"com.baeldung.bitset.VectorOfBitsBenchmark.setBoolArray:dTLB-load-misses","thrpt",4,2,0.014965,NaN,"#/op",1000000000
"com.baeldung.bitset.VectorOfBitsBenchmark.setBoolArray:dTLB-loads","thrpt",4,2,10.351742,NaN,"#/op",1000000000
"com.baeldung.bitset.VectorOfBitsBenchmark.setBoolArray:dTLB-store-misses","thrpt",4,2,3.067687,NaN,"#/op",1000000000
"com.baeldung.bitset.VectorOfBitsBenchmark.setBoolArray:dTLB-stores","thrpt",4,2,2.142323,NaN,"#/op",1000000000
"com.baeldung.bitset.VectorOfBitsBenchmark.setBoolArray:iTLB-load-misses","thrpt",4,2,0.004301,NaN,"#/op",1000000000
"com.baeldung.bitset.VectorOfBitsBenchmark.setBoolArray:iTLB-loads","thrpt",4,2,0.000614,NaN,"#/op",1000000000
"com.baeldung.bitset.VectorOfBitsBenchmark.setBoolArray:instructions","thrpt",4,2,55.399010,NaN,"#/op",1000000000
